"Date","AAL.L","ABF.L","ADM.L","AHT.L","ANTO.L","AV.L","AZN.L","BA.L","BARC.L","BATS.L","BDEV.L","BNZL.L","BP.L","BRBY.L","BT-A.L","CNA.L","CPG.L","CRDA.L","DCC.L","DGE.L","EXPN.L","FCIT.L","FLTR.L","FRES.L","GLEN.L","GSK.L","HIK.L","HL.L","HSBA.L","IAG.L","IHG.L","III.L","IMB.L","INF.L","ITRK.L","KGF.L","LAND.L","LGEN.L","LLOY.L","LSEG.L","MKS.L","MNDI.L","NG.L","NWG.L","NXT.L","PRU.L","PSON.L","REL.L","RIO.L","RKT.L","RR.L","RTO.L","SBRY.L","SDR.L","SGE.L","SGRO.L","SHEL.L","SKG.L","SMDS.L","SMIN.L","SMT.L","SN.L","SSE.L","STAN.L","STJ.L","SVT.L","TSCO.L","TW.L","ULVR.L","UU.L","VOD.L","WEIR.L","WPP.L","WTB.L"
"2012-04-01",-0.197635202262542,0.0370863493708176,-0.0836810299302552,0.0169013936590018,-0.0788140595143693,-0.0535540148713912,0.106315810698141,0.0464091460707062,-0.226822337651369,0.0754983243466885,-0.0112191439023665,0.108554583235791,-0.0328318174548883,-0.143979064866144,0.0308347811245856,0.0329098876044014,0.0762807035631042,0.0667018224300778,0.0946555996087975,0.100580530123433,-0.00945533705343676,0.00591917441782831,-0.0329117358609721,-0.0666665891518836,-0.226881202717752,0.0460219216048716,0.108280349090984,0.0750237227061292,-0.0281960063256221,-0.0929706204347541,0.0749830622672988,0.124102339975668,0.0187773837080572,-0.107573910530976,0.0967273999226238,-0.0609280547495125,0.0968123190274801,0.0841837388005544,-0.0211223134630897,-0.0906811204272379,-0.0350590339674035,-0.0472442061060661,0.0340114836454852,-0.119489170174002,0.120937210099457,0.0112655425724885,0.0310347938435997,0.054902035038466,-0.141587869229671,-0.0223028719518985,0.0327868249781167,-0.167533434261943,0.0906439325807291,-0.0952046039489415,0.0185258401060376,0.0705559099161021,0.00432888569446022,-0.0440251767653257,-0.105482782003952,-0.00280383192491298,-0.0458216576643362,0.0774939445714609,0.0365775425756076,-0.0275563368748076,0.0408469556959952,0.0588505797363528,0.00236359460749376,-0.121392967130656,0.0998305528905927,0.140642278223819,0.14605098543862,-0.0144027986459333,-0.00771900474049601,0.128954678821893
"2012-07-01",0.0117936767761295,0.103585527236222,0.0367017029131709,0.489983559100455,0.177605668938303,0.170423489230585,-0.0179912030008152,0.0352186859356655,0.361738298207752,-0.0853390300831333,0.434190733789287,-0.0798921644841001,0.0545954069331808,-0.0701754922627544,0.00339798045644227,0.036426885340709,-0.00802324421750602,-0.0531033210664136,0.103319874737517,0.0536517636435442,0.127502550776612,0.0303267849702607,0.00891370737139638,0.326424655844771,0.0868118950812326,-0.0424309887214735,0.0678777697660598,0.317668000125023,0.162153807468425,0.00812497772281853,-0.0275291459758802,0.0335893157784874,-0.0560711152758544,0.098287946529813,0.0358313227217682,0.0975885004438937,0.0273141319645185,0.0669934357868981,0.336682482841135,0.00618900698010043,0.180101248286265,0.268240817439408,0.0664150344489395,0.291530320171031,0.107797427489914,0.127677485105169,0.0538743407420052,0.138387398468317,0.069184913480873,0.0867059351554652,0.0137245591095667,0.230705252917369,0.0968139180055374,0.198800700453698,0.0806958349597264,0.0255951316279882,-0.0103687517105738,0.406111538170584,0.452081999745552,0.0148951613154939,0.0687271582870569,0.0117917275175825,0.102818017330407,0.0131723641119001,0.167818637447307,-0.0689856315857428,0.0205276504068018,0.388983472576125,0.0170855605275884,-0.00878478530653791,-0.0785874582562857,0.0572725223829102,-0.000426546928262894,0.100187458186222
"2012-10-01",-0.00867061417103092,0.28004428079871,0.103790502701384,0.221287905436719,-0.0914875818783271,0.106517881422966,0.0609903246460282,0.0877643477752448,0.328554490797723,0.0695552931356636,0.147678921184573,0.115970278325667,0.066315376926577,0.171238497129712,0.184703657980942,0.0805309998831173,0.144781869646938,0.101333783473125,0.0907371277123902,0.059853191621345,0.0172026505047353,0.0992089616647902,-0.11620249370172,-0.136008467168161,0.146917752894402,0.0600071269725753,0.0906015409098243,-0.0636857039881517,0.177233942015522,0.318661008697828,0.213071860493601,0.237489569134074,0.0328649544266548,0.196901543901147,0.10287352838921,-0.0683938845302464,0.00789071424434501,0.13731327062937,0.273197999564789,0.246692977687466,-0.0200316692033457,0.095307795776941,-0.000913473647088138,0.243840477154273,0.147853955316701,0.129051265722386,-0.0409637223409066,0.133663604112841,0.146722440040716,0.120533249388305,0.107080326269608,0.0147813471502587,-0.0537477278804499,0.269684849477071,0.0386225619158437,0.0446125862267419,0.0678673590251232,0.205430768907478,0.0384255013010468,0.161931699894393,0.139011627371182,0.10916014679533,-0.00251079275634299,0.146224670641948,0.166498665249519,0.029323938320618,0.113959395431884,0.164484984668574,0.120186685487321,0.0992176181589314,0.0604516944227255,0.138920438634401,0.240150202012052,0.102391460389568
"2013-01-01",-0.154259689164954,0.106346289281847,0.0474244414867855,0.294053056679648,-0.214098046130945,-0.144152533794385,0.140348204844911,0.139900883734636,-0.0393219420986645,0.114804580930436,0.430147268839524,0.128861154339161,0.012457444073935,-0.0154753207945836,0.111021687704394,0.0921218844549635,0.108638790295489,0.0222653254261066,0.142731971376034,0.0560982705645448,0.0471786542376945,0.0620325085953135,0.365632935518371,-0.288135047395547,-0.194433934072438,0.170235467698028,0.219704064314034,0.427599431660269,-0.00228376983184933,0.278796345771549,0.0370063309170808,0.248480038711208,-0.0191898227877718,0.0240959753660092,0.0640079405476942,0.160919411368543,0.0976592112749041,0.149782165275977,0.0516839130778711,0.113787164209056,0.0761129062192711,0.161626938364823,0.185105054740966,-0.107777345220995,0.0741745397399007,0.180428599092286,0.00629914202238109,0.0946141745830115,-0.165410641949079,0.137443289598216,0.206992922626857,0.0786719338121219,0.152403899924589,0.350741039232929,0.0665914621288021,0.115063897834635,-0.00866417999053642,0.123268669491547,0.0649997885159513,0.0288875821986444,-0.015408598675633,0.0256744043965373,0.0972518049936261,-0.0159471231512453,0.211972631553877,0.122687934307439,0.0562704466386299,0.313422030462026,0.0939020381798611,0.0116121336321639,0.140034853296362,0.110887080917566,0.0731215637899995,-0.00583692535314711
"2013-04-01",-0.100319600551859,0.0102728666959359,0.116238803703309,0.20170202065918,0.0360152595141548,0.217633833492641,-0.0022439182582876,0.187483331528401,0.00999810735351881,-0.0168254146126261,0.0475577000148906,0.11867669816271,-0.0132527108146794,0.16258628025966,0.233526118626018,0.0539084498465074,0.0705685666097773,0.02559434531631,0.156154004807872,0.0458248746008719,0.104002658286775,0.0482696366066415,0.0630085375124717,-0.106770935235155,-0.0974698664238396,0.0280476658659647,0.138177940000454,0.00102087981509994,0.0721895877490631,0.0702207095733905,0.00474183542284759,0.185854983276006,-0.0256465688501135,0.0983263692055808,-0.0776622517180318,0.294975236981115,0.0956249474203749,0.138053539539033,0.260261560232826,0.188889130912522,0.205252662672769,0.149735325332784,-0.00716117731389888,0.0368918299236367,0.163798687615698,0.0561085416324546,0.152860573114006,0.15510185995384,0.012333198225184,-0.00362024205574167,0.0398228198473178,0.0332101178447964,0.0652795052924455,0.0513918011338505,0.0464246910487648,0.166666765691142,0.0341254640126624,0.347825546439002,0.111872968358534,0.108000292874634,0.108376219039211,0.0680735547891477,0.049358155596498,-0.0572045456093509,0.115523419317526,-0.000589612364675559,0.00314067491251503,0.14516121585543,-0.0340926227201565,0.00602502793007556,0.0747363438126823,-0.0114995719922007,0.13271563750312,0.282118775463637
"2013-07-01",0.0687906395793749,0.166152279969482,-0.0691840564571948,-0.0640156877470856,-0.0244873215342269,0.225286561991345,0.0102644678573655,0.0379368789613285,-0.00532543858577934,-0.00684614227327081,0.0355173329737313,-0.0227111659411867,0.0755718892274913,0.00326805339827375,0.128203391531905,-0.0848135214880806,-0.0011133663884574,-0.0187080906075841,0.0502812873301802,-0.018950876485987,0.0300077869387427,0.0211533678678326,0.11446636620273,-0.0361394187125925,0.246651002016549,-0.011009578414991,0.0819805484591585,0.224154543334954,-0.0715126268601853,0.195121979907289,-0.0033059067204914,-0.0268648149354537,0.0557567551236465,0.0786417972853086,0.10643596598233,-0.0420398055716805,0.0504196673338097,0.135344465921846,0.13232068169774,0.0432022719317647,0.0456904572378736,0.14702226627,-0.00254310440229323,0.15743075756814,0.0911823096976482,0.107303051044124,-0.0224624825438881,0.037622167150267,0.0867753572864105,0.0497721398807214,0.00329437816314708,0.0736587498458181,0.00228652688300024,0.0574833826461148,-0.0382311242966206,0.0697052789337366,-0.0592702587833276,0.18901423104314,0.189354826252264,0.0579137366927047,0.0856492145946921,0.0248314369035614,-0.100952470657918,-0.00535466017004621,0.105480169002794,0.0473775097301663,0.00446060816273575,0.0369099947976735,-0.0457140645261182,-0.0235620727186605,0.136709469917598,0.0532949439927532,0.128723752154749,0.0628483612767817
"2013-10-01",-0.0329966789955768,0.209602979497531,0.129788406193339,0.208732622493475,-0.00526330863478495,-0.0091295612526307,0.166062374726131,-0.0563010513029911,0.0379316315328207,-0.151338874749976,0.129811772714469,0.0153837225965062,0.00217446745681096,-0.0509768829559557,0.0259686122530841,-0.119411252952802,0.0319324419349248,-0.00986945043338657,-0.00297759733955912,-0.0938601735151692,-0.175934009975994,-0.0225300004470176,0.0507475547859972,-0.211173751138473,-0.0514707473138721,-0.0344711801992425,0,0.248739081726668,-0.0807799856107627,0.197758019817914,0.0842047199698785,0.0118381815253965,-0.00982625382338533,-0.0759605869823724,-0.150060301550368,-0.0209269036292172,0.0494422379475005,-0.004623281167089,0.0744228171367335,0.127721121071762,-0.0529585872496935,-0.171454301277859,0.0251797756121394,-0.0750816242014096,0.164840352788468,-0.0398750348393598,-0.14723933165407,0.0148740692014279,0.0270740127388784,-0.0587872981660467,0.0321740052774389,0.153110133343803,-0.114980261024347,-0.0434276944462477,0.211213188094351,0.031517862674897,0.0265439420534166,-0.0345404610397448,0.0855918375754363,0.00209035821849432,0.0184429363539478,0.0991215558826011,-0.0587136653885526,-0.173057583291234,0.139053364647721,-0.0521051332590157,-0.120400662184396,0.0181488955973632,-0.0652562516478377,0.0349309133436287,0.0368661681479901,-0.0713969617001811,-0.0362265725410242,0.0995599948830442
"2014-01-01",0.126015675394275,0.0942908184629865,-0.0146221204578445,0.107663224993387,-0.0152170518316722,0.203895271493558,0.244271325399373,-0.0381178802647197,-0.0619305038156137,0.207069452833325,-0.0155926176304955,0.211095461823329,0.0566124577394874,0.0255523846925129,-0.0386121223326418,0.0988998505453083,0.0345964143412317,0.0824426047393907,0.0969259246345751,0.0200402802511214,0.0923074668783198,0.001516220616481,-0.0520166396166458,0.111800241937478,-0.0124028543599243,0.0613972586957136,0.294234807631007,-0.208651743265941,-0.0185496635833909,-0.0302375951909077,0.0395964984910921,0.0171399846375716,0.150247390110992,-0.0427123869343561,0.0261300187481641,0.131222776179411,0.0394742323454602,0.0168067472706033,-0.0953182617387876,-0.0152171895886225,-0.0632831708493678,0.0880324642727758,0.0652724479615387,-0.121176337145252,0.0510673572330298,0.130711790214893,0.0288374641251697,0.00348837097025782,0.0138770069958937,0.0632640146765557,-0.104091315809767,0.000163148950169657,-0.0266743605056215,0.0530347658266734,0.0628007209615998,0.069091030169321,0.129929150264527,-0.0603089157196379,-0.0315785989876781,-0.0623450284956064,-0.0390605556113509,0.0619772018249279,0.166794351855793,0.0623188382651912,0.0125487830863469,0.0683265928671523,-0.0539337936573562,-0.0592345076740645,0.141291097745304,0.111731729445561,-0.0518980386068528,0.300443779607552,-0.00234916817514223,0.0877100185153014
"2014-04-01",0.0107456116137766,-0.0619451178051978,0.0422030512928697,0.021726492689692,0.0298600661853799,-0.0418646482478201,-0.0685034887624529,0.0694997708723616,-0.101556823587037,0.0193147564062569,-0.0549392965523734,-0.0406329690214331,-0.0190789497006257,-0.0326369863962229,0.05427413129145,-0.06363624464905,-0.0247076643301539,-0.184407883668772,0.132877679070236,-0.0173312319141909,-0.0908413092405577,0.0351410939064756,0.0796249225276902,0.0933648117760858,0.169722797679915,-0.106929167973237,0.159149694852191,-0.123931426007583,0.0634339658111603,-0.181390957933553,0.181152244614291,0.0271253404394258,0.0204843559056837,0.0116108317942407,-0.108239427844996,-0.260650300710387,-0.0102251288788905,0.106704181679961,-0.0147291576778405,0.0810352943124672,-0.000766790048035469,0.0615775121767385,0.0508260470618044,0.18908960259802,0.0463989631583914,0.00662476611139344,0.0288549222383742,0.094609922762466,0.0519464116632612,0.098429225076711,-0.0095241519609032,-0.00336388661477094,-0.032825863425911,-0.0649452110740368,-0.125506501385204,0.0228636325931911,0.0524991901713744,0.0131247011473859,-0.167619028104499,-0.0449439480810706,0.0941315448814464,0.115823806317637,-0.00541350564604938,-0.0386266158941293,-0.056493466925084,0.0751205816015424,-0.119303759541281,0.0743391580674409,-0.0191407965435695,0.149260457978435,-0.0826153701940798,-0.0457250280490369,-0.0532599241186027,0.066598319970237
"2014-07-01",-0.166343054426549,-0.00863942969693058,-0.0651671810183189,0.180647964198158,-0.125035055419846,0.0466928080541979,0.0594299271859689,0.0921627518071099,0.0717328246363089,0.0320628496397868,0.220239597846883,0.0653674350994386,-0.0607079070157629,0.0827440851257591,-0.034733259754379,-0.00489384832184311,0.039793533661707,0.106402518313594,0.0318959559938944,0.0484128391095575,-0.0771877697618314,0.0719713506888182,0.181962442204522,-0.248626585675921,-0.09676772581189,0.00313456477144863,0.0547931105032371,-0.0216301624354936,0.0248464333344412,0.237001550944233,-0.0105414698434829,0.0513907686299359,0.0544539129553104,-0.00131273872155092,0.068142772244722,0.0165614609491212,0.0692857766370182,-0.00254205155163619,0.0387877935578001,0.128737013982441,-0.0546257829000704,0.0200607966772256,0.0824081507552045,0.0920348966865621,-0.0480057901598559,0.0648982717838442,0.0412061064356668,0.0839347530648229,-0.109554029718971,0.0129343479999728,-0.180206277303107,0.0462439779440424,-0.21540410878936,0.0194803960195237,0.0232996832811367,0.0763424807691597,-0.0728354295995984,0.0251505355002753,0.0359887245835034,-0.0645098743154926,0.100688070622032,0.0374157548790676,0.0974605265063315,-0.22602932782899,0.0379904405751394,0.0315248621314421,-0.322598647076708,0.0659465631837468,-0.0131114496478314,-0.0398876596819365,0.0464413527269446,-0.104824702097097,0.0389823102334858,0.0141760823682538
"2014-10-01",-0.154576734349693,0.135343514481502,0.0846442891654335,0.045180835606445,-0.0747331576277905,0.0134354916683795,0.0439082742539208,0.106387660759168,-0.0235143497492997,0.0577953678745224,0.0945558016009792,0.126424511441284,-0.0407795851463596,0.135985084645632,0.147886237569721,-0.0287600674787709,0.162423574919302,0.157719469533621,0.0182175799706913,0.0718172678797354,0.259243377247723,0.127909117665992,0.332234278831501,0.288889146460435,-0.221944344811556,0.0521961249577538,0.245382867511254,0.0176145390881622,-0.0467554141885862,0.33064508200305,0.123680939007822,0.165784653107731,0.188541312478755,0.0644492046860665,-0.157604819229723,0.133222880252032,0.158575578465147,0.159740261740217,-0.0438220793690516,0.178831800544128,0.207404567454958,0.129154753983131,0.0259718452307383,-0.0659793407091968,0.139196319758472,0.123050049516007,0.154701161944697,0.125608395135891,-0.0156485688836787,0.097175485207367,0.0575324936330186,-0.0186686867241182,0.0605183807030661,0.201990647180506,0.271379467807049,0.0846923503260738,-0.0848780497420026,0.314511054487203,0.197204472053826,-0.03261787120046,0.0661756269114814,0.126773597690003,0.0243710729356467,-0.0552362614804225,0.151678006272781,0.0965365346747879,0.294642731109995,0.143581220688224,0.176012390088246,0.218544367005738,0.149310119622243,-0.264126120842747,0.203612720496884,0.153230229308766
"2015-01-01",0.0278213422882571,-0.0792780878846538,0.0759667354148085,0.0349265722603974,0.212652610388831,0.0380700863779836,-0.0247912301988824,0.0246531708501419,0.105049703609849,-0.0164450669827268,0.14355929319478,-0.0305744649625646,0.124373357636221,0.00867534940164516,0.0905718927217603,-0.10252948552047,0.0052131454842949,0.0801449313045435,0.178854687421968,-0.0701084620145857,-0.00426265227558844,-0.0297522510408378,0.476759979656305,-0.197522269311059,0.298018975510774,0.0516746730293168,-0.131106687084261,0.224627789936059,0.0880314671168769,0.000918153107630816,0.0669935779126372,0.102765219640002,0.0217671737843823,0.113541614239438,0.13911929425199,0.0247958774752279,-0.0131855380861069,0.000653714071389459,0.0592268765955894,0.0778010811388314,0.142650636901902,0.130336190935511,-0.0603955297253212,-0.0659492946595688,0.0245778326489767,0.0238195634071442,0.000630707161918594,-0.0473935418684982,0.0120008328846536,0.0484931047472952,0.189305026511118,0.125445246786999,0.0653877140051094,0.138823696737616,0.0291885056670639,0.0649335612272878,0.0356182368678096,0.283081857910788,0.115763862766823,0.0269872600408904,0.037223429426453,-0.0521524733871156,-0.0385333190582093,0.250733960944046,0.0556495769664722,-0.0125465919808205,-0.0166851335430114,0.237788805511411,-0.00715204133220796,-0.0545275680918918,-0.0168442742544628,0.137006609856501,0.0409275556655458,0.0499500579164713
"2015-04-01",-0.26588221101431,0.132252178528987,-0.032887633833465,-0.128330458236532,-0.274472219784536,-0.0132826264222572,-0.0392527660317027,-0.054724264038305,0.136361268047032,0.0580376945862997,0.222329318713707,0.0103158434789818,-0.147028739418856,-0.0623801369833811,0.0190894164674448,0.0434613234576472,-0.106218559534261,0.0723016694838322,0.229749141634699,-0.0121444960292066,0.0431719431281884,0.0251320300643143,0.0744427761247255,-0.100764179700094,-0.329572869482246,-0.0630136809402862,0.170004765559961,-0.026016141370304,-0.0962961446645151,-0.0201834307630936,-0.0378030763362151,0.11069815673481,0.0608892121077258,0.070017954346905,-0.0512430052554393,0.0466173453229922,0.0461294539316584,0.00269225700760429,0.0752129801332436,0.0297342282647626,0.00232871902515387,0.164021039733902,0.00133504237393575,0.0109305114257693,0.0958653765706543,-0.0745858403062284,-0.0886365608021811,0.0332719536525998,-0.138128155022902,0.055441155639685,-0.240917882633279,0.0938197420916174,0.0034046222363116,-0.0258699623129319,0.0808746581723958,0.0461536611271605,-0.0929437865053654,-0.000365102621143247,0.14493983624417,-0.0139740505726133,0.00749201174985045,0.0644584384258701,0.0189960704865857,-0.083925405718718,0.0969188673552628,0.062723781576137,-0.0239822319555163,0.2184648089688,0.0143054164301059,-0.0574609385243384,0.0828153451683463,-0.182446512295616,-0.0199885371649046,-0.00152779114228876
"2015-07-01",-0.307947820962909,0.07165006802545,0.106891300358684,0.0317722695728052,-0.0682920672458146,-0.052115949330776,-0.0261791999610457,-0.0657709100476726,-0.194235695617443,0.0292947355599499,-0.0200738165332537,0.0136312282311953,-0.00641447077637961,-0.174642738572488,0.0199742533935161,-0.138171069850789,0.0917071576201864,-0.0364594741632895,0.0286560049450081,0.0707881786945328,-0.0774354755788846,-0.0168879550859386,0.168448660651811,0.130585036429334,-0.435652854991909,0.0234515904842412,-0.0935667829471112,0.216581129809258,-0.102696554649929,0.0908240759256376,-0.0285889291169492,-0.0948511432569828,0.0470542826114108,-0.0361319734112125,0.0802963664158887,-0.0123090297667558,0.0383679632938054,0.0164108924901448,-0.105452325358715,-0.0209830627498207,-0.0569855341101543,-0.0166151134749466,0.0840461849374979,-0.0718877752887384,0.0090890625706636,0.0176147425921542,-0.272645121769654,0.0462623117614313,-0.0251775871752142,0.0405026612431689,-0.122190518179136,0.0579298451507179,0.0056624778137463,-0.0476778892030837,0.0460651882614984,0.0133174501104384,-0.0661421490208101,-0.0427751193240339,-0.0144419438958558,-0.123647495391488,-0.0322724608640334,-0.0599967739199706,0,-0.256091220882111,-0.00263388389915657,0.0176952159446114,-0.150208384819657,0.0209706872472496,0.010037384814177,0.108183745683086,-0.114120413645069,-0.298288292585116,0.00316396438126555,-0.0431597550712538
"2015-10-01",-0.492407552706777,-0.0817449971801111,0.0998139581016096,-0.0975389714555155,-0.277872841532881,-0.0106998019879782,0.0811947484300172,0.171928297546011,-0.194810463229741,0.00971630947378349,-0.0212245136303332,0.0111679464639629,-0.0103258011735588,-0.0925069065006812,0.0524807431136166,-0.0942061153587693,0.0939756135140611,-0.0158585686779562,0.0443997548773214,0.0031940581349178,0.0816209275693389,-0.020378896321064,0.375328701090626,-0.0109588298147743,-0.204622101926693,0.0420869198311058,-0.0674677267734475,-0.0560941249029226,-0.030141730844733,-0.0576843667873814,-0.116878038013511,-0.111747801866098,0.097112711298743,0.119718243552076,0.0780954200273287,-0.0764656916427026,-0.176828458015184,-0.0691897751966292,-0.112165908036249,-0.0278977264540146,-0.162466964655925,-0.244681002668908,0.0831364962405692,-0.204345176595995,-0.120528863548951,-0.0997367861927747,-0.0841555840886011,0.0585199057738636,-0.273266841164013,-0.0173393333776274,-0.192727509591425,0.0142394095049901,-0.065210747606519,-0.0868252458307745,0.139449494587886,-0.024233135822579,-0.0846057125535645,-0.23076904098065,-0.0550389697510504,-0.0192307647259407,-0.0107218870721223,0.0468469672637593,-0.0239469712931407,-0.314038052660861,-0.011922941878957,-0.0100683590004219,-0.0540099263549426,-0.0282829297344362,0.0663674824127709,-0.0189673982567246,0.0624961314880806,-0.189315796354562,0.0404665840758349,-0.18938901783687
"2016-01-01",1.75148614108923,-0.0273016075741452,0.046786958811604,0.00945496511134116,0.270910014287497,-0.0711391098759399,-0.097038919982234,-0.0517821029980147,-0.0583629481290148,0.0979494203639763,-0.101881214385731,0.0915416400651301,0.0153207133766174,-0.00502088490715305,-0.0859028212165676,0.164062375982158,0.0133001595321165,0.0557229451197648,0.121184370289995,-0.00843652741453742,0.0512602671386877,0.0328747451474317,-0.110795007251269,0.544807746021026,0.820517935917259,0.0318821365863274,0.0997790376991704,-0.0506764279239327,-0.0510841613214369,-0.0268767574480554,0.205277232733669,0.0714930018777013,-0.00472244295184898,0.0504600506179043,0.150883490132491,0.115915480176068,0.0419870139792761,-0.0437497067807818,0.0321756222640403,0.096604257509194,-0.00141453342081301,0.177204453150264,-0.0111583312784345,-0.089829548539896,-0.265704074802067,-0.00570705228603821,0.0618730845136945,0.00202569996423505,0.39752357852893,0.0813856883167609,0.219168569008044,0.136791861106932,0.178702466786225,-0.0569462089514427,-0.0321899720747024,-0.0234676892760678,0.19614504896415,-0.0710027081946881,0.0528054754360724,0.18874849358946,0.0201017610793888,0.00601441471709691,0.0413791922371844,0.172186689035099,-0.0725641995378313,0.0173596007130627,-0.00749710934771298,-0.0362283387398827,0.00592351815305721,-0.0177731498792558,-0.0209915555838034,0.423956708898959,0.0520765475049067,-0.0320001017993835
"2016-04-01",0.0878962955155332,-0.118635940965047,0.183663107676837,0.317906462916294,0.0358030562832642,-0.0955135158365401,0.285132237138297,0.118793191213175,-0.098833558653284,0.156954202798959,-0.178403872516162,0.174729047229142,0.164285624067746,0.136225165360394,-0.0673509882673052,0.0536210733923399,0.187691416688041,0.0975801475871333,0.124118257622861,0.170639182311664,0.199465099275921,0.117286388054098,-0.0382515785379944,0.73495024631841,0.146409022121911,0.175750133041803,0.195099684197428,0.0101089504219195,0.113425920111377,-0.204393093373966,0.101429759681893,0.343941258680126,0.078134217528871,0.0909090802072521,0.124890375210601,-0.0578143520497537,-0.0249093037486827,-0.0779922030470995,-0.207544259758998,0.0329581610069144,-0.236576817800232,0.169724838868337,0.143218747054208,-0.163478673804178,0.0105772495765794,-0.00927648188507458,0.0956520700455943,0.185950584193061,0.0699848286485105,0.100390731360517,0.181478627097509,0.220896961542347,-0.198935015509534,0.0413682279450153,0.213269395521577,0.0605700335131414,0.113635070982799,-0.0314569995262479,0.0285863619046215,0.1398916099512,0.176290687568945,0.0752594850017793,0.0441068579344892,0.095091655633859,0.0680505024443563,0.12452681977588,-0.0935502033814442,-0.119639964960354,0.156817834191865,0.112291302054227,0.0836680339806084,0.220833708839973,0.0833971763279249,0.0109975781146939
"2016-07-01",0.361830330627208,-0.0850984501477343,-0.107988651730284,0.0850559992503474,0.0899114559171026,0.151027807401782,-0.0788610373984034,0.0319516407599309,0.238884381554295,-0.0173777431392343,0.0647723719306657,-0.0701904504186208,0.154204881471732,0.117424138847955,-0.068586184738148,-0.09647832832663,0.0313372225520337,0.06231395875589,-0.011860584597298,0.0256905383283962,0.0649969517817112,0.0864930371756225,-0.0332197666766992,-0.147794762108766,0.338688123037928,-0.0276681933715763,-0.331452833686815,-0.100378792172326,0.278832707233891,0.0699506106221437,0.0579610168014939,0.0875205261038404,-0.00134426493180923,0.0328856319194048,-0.0518295925261399,0.0835962751002917,-0.0792422690572702,0.0376968119483432,0.0940874754780967,0.0169368903009592,0.0663951054664905,0.0537291081419899,-0.0166205178146575,-0.0171516185533709,-0.041591957208544,0.0110622022908487,-0.123274105203928,0.0255950069572533,0.169368787852437,0.006595419509764,-0.0759936469484884,0.066702680262383,0.118591029843403,0.0882566262569793,0.0126317181961019,-0.00143705048037301,0.0682706843168327,0.0360048468396509,0.0403018934118778,0.144965534114011,0.102088550322349,-0.040625641886122,0.0494721959317445,0.177472673725721,0.0334948399187814,-0.0494078281440132,0.350961143895379,-0.0811435726446335,-0.0169223438623801,-0.0757128737792382,-0.0206927756835421,0.171517343498273,0.0584907389446853,-0.063228677974058
"2016-10-01",0.200707548810161,-0.021320690939451,-0.0735524391640807,0.260409540493033,0.537753014787642,0.077010261934216,-0.0858761807862861,0.0728110430364617,0.153179313261988,0.044335302006634,0.0528981694090468,-0.0438103800731938,-0.00520804896438941,0.119858120088281,-0.180988236141803,0.0471521511403713,-0.0325018536707276,-0.0428816823587628,-0.0348380925360774,0.0110119025633936,-0.021407180283421,0.0516673190729588,-0.0147579318438982,-0.114024549432087,0.305800079586002,-0.0418545007786057,0.0399087908134467,0.166379413893941,0.0976955261829424,0.125946497728972,0.159055025734766,0.0552705936767546,-0.0565761994513398,-0.0304833564309016,-0.00760689084481374,-0.069471474837193,0.00426112763353954,0.12177656664213,0.133950481604766,0.128469889986325,0.0055763464033331,0.0971179013136136,-0.11450241110452,0.172924515472177,-0.19614110621289,0.147995845662845,-0.182838382553976,-0.0260092912017549,0.229441421952968,-0.06960191494683,-0.0812112655945213,0.000875961013304458,0.0435926363827079,0.0407946668851465,-0.150381229109738,0.0555809114109332,0.0726997415995044,0.159331387938971,0.110832397100704,0.0585329937897054,0.03186664264396,0,-0.0473457945544033,0.0873716218253246,0.133333476732537,-0.0101592263698272,-0.0766307316963013,0.179251994080784,-0.0557342368467539,-0.0100966628598996,-0.117639125151064,0.179411694280647,0.0371200855306488,0.0949920277179932
"2017-01-01",-0.185198962445582,0.17770338528909,0.132319790112349,0.0155664361488999,0.0178594336294535,0.133814684283935,0.142378308240128,0.0994659401471037,-0.0244315774852393,0.0892035968988764,0.228354693011543,0.152704615517622,-0.0471954118686857,-0.0158536796244053,0.00296197781351603,-0.117699682859564,0.103399446879063,0.124253351735941,0.114933488254309,0.0301664794801111,0.0850228483923738,0.0359839350459651,0.0443027710843453,0.0105757840211158,-0.0698423346752047,0.0322142081688086,0.0741837256820102,0.0250362317237784,-0.0353214277632859,0.174742885757051,0.113043412346283,0.133571397897917,0.0448128858646856,0.00469518273669355,0.198702932100233,0.0151696976792599,0.122205289723304,0.0909241407654324,0.0739625119781945,0.0668560057256175,0.0926974923704415,0.16209511161924,0.0779346049290624,0.196573323804639,0.13646709440618,0.144842269460123,0.0864327658262947,0.118502816279757,-0.0977401971049394,0.0585430625444076,0.216479396772941,0.100151297987266,0.0678557719729936,0.109173855401701,0.109202637006047,0.128126388476497,-0.0506193087722754,0.0204359763730171,-0.015402164659579,0.101775035139157,0.103265580084155,0.0861934941467306,-0.0658159187700568,-0.0683372350311941,0.0933576152441138,0.0242290567725733,-0.0583250129163412,0.21104467735132,0.240948907460725,0.0616139120957373,0.0241829989277354,0.00703771852402888,-0.10357912288167,0.0280252933948869
"2017-04-01",0.131947354619934,0.0588506391825222,0.046481157760946,-0.001226078083047,0.128878094720113,0.0276456207070524,-0.0147707339193721,-0.0406699063166219,-0.043580777555526,-0.0961648361984586,0.0621223165853608,-0.0385038733038249,0.0247152000633021,0.0787803260643576,0.0287120194319055,0.0462838255325287,0.0412597818255805,-0.00600110342631887,-0.0558472363150198,0.0899175804168763,-0.0792426211966242,0.0674919810242956,-0.119767337475002,0.0578509766096012,0.1139517399655,-0.0085178789156999,-0.271037735476547,0.00145160896947792,0.203265996108755,0.0530365448259125,0.0533652376620104,0.204481226327989,-0.169257598721399,0.0833334405891002,0.0687461117994707,-0.118947641205594,-0.0662988985090031,0.0906134790498097,-0.0523119839831876,0.118307448518863,-0.0928917880287284,-0.0029984647860329,-0.0478290251186808,-0.0633007338183137,-0.0717656678437499,0.0769230081505871,0.0289516860056317,0.0549168585714214,0.149575502103788,0.0362816679578419,0.0935961558414366,0.167068208832706,-0.0889811112366841,0.0809539120881835,0.0136276771271129,0.085031990312495,0.0835772581526675,0.0911734279982611,0.11888769604897,-0.0640243934634002,0.0848451119874787,0.0393701705522542,0.0367485194917324,0.174015390507554,0.0601046890786737,-0.0172039702832104,-0.0493860202563983,-0.00283025094525883,0.096215476749991,-0.0518689720868679,0.160659452357688,-0.0788550389146002,-0.0435881893146959,-0.0313170864724471
"2017-07-01",0.166889991418104,0.124156627186708,-0.0605637767921437,0.207940871368009,0.0165766077739557,-0.0470348580093528,0.118436656464965,0.00101164491045707,-0.079581057972392,0.0453975136931601,0.0903688656548157,0.0249125594353796,0.163370386237503,0.11163064359868,-0.140763249447504,-0.126680284670922,0.0222634476144943,0.140852654492003,0.0712677100234966,0.0666485697678445,0.0524219272140928,0.0427129713078924,0.0273734277321468,-0.147838979071367,0.0968332053616648,-0.08943348226608,-0.169956610753869,0.162171661543676,-0.0103071293497838,0.100345892152252,-0.0214954555319593,0.0267094513931516,-0.00791678600248381,0.0116384706134416,0.267447956140251,0.0734991936704453,-0.104231046359472,0.0106974896112396,0.0571227193077442,0.00711873921517615,0.0679703358828187,-0.0798511594807016,-0.0328779324305183,0.136363846958924,0.256603891627956,0.0119463226293054,0.0786045304075422,0.0564959289285678,0.031932374974332,-0.0777423953075169,0.101114977774258,0.160103842292132,-0.00939531259140608,0.0240428564796052,0.106083027080633,0.0405236914292609,0.127485191687,0.00715398729649946,0.101800003692027,0.0431487119488583,0.0950146334037671,0.083818905802411,0.00217558995655177,-0.113735666801321,-0.019959685865232,-0.0575893128395524,0.0469244656732534,0.0607365802975875,-0.00467080397913609,-0.0718663189474811,-0.0288289007549513,0.0736862993034912,-0.122937610607211,-0.0402806577165249
"2017-10-01",0.203239884359677,-0.171251730953206,-0.0395011269146846,0.0878396548618929,-0.024620241207681,0.0162380098929798,-0.0289149147535096,0.000842416304051699,0.0752354421552991,-0.00198136297116399,-0.105882473002316,-0.115766573604931,-0.00368619044581699,-0.164597099357093,-0.000964770001515438,-0.214075397793222,-0.0898454107139523,0.0717015960814022,0.043156442403931,-0.0153577616560803,0.0295376253275465,0.0687621822456972,0.0609993042826222,0.0322581715151467,0.112121163997249,-0.0102023205395864,-0.169244131307778,0.174146631848977,0.0228787801803944,0.0276624771949279,0.1294341930193,-0.0219961627242574,-0.0374247810637776,-0.00114787382528743,-0.0739169524613948,0.110044775220268,0.0481615172461175,0.0134832628404517,0.0178650602247768,0.0441372285197012,-0.104646845294959,0.0307522942242105,-0.0961010917702513,0.0184070198515176,0.0572127801570863,0.0291576420880573,-0.0137882848177716,-0.100981139503647,0.105255832210931,0.0100966319107517,-0.103802682389565,-0.115544849871961,0.0556470040223329,0.0649869489378922,0.00496308219313163,0.070718293742827,0.056411414018078,0.101604189716604,-0.0337814351614628,0.017504782749696,0.0277337278996825,-0.10696692060788,-0.0356706320161922,0.0922174083396024,0.00977071912840817,-0.0593080665053183,0.152149971495992,-0.0446113009049564,-0.0560101364889053,-0.0996131974755437,0.0614180520526274,0.13108036797732,-0.0419788053028489,0.0601179278517281
"2018-01-01",0.0226682630525346,-0.0106109144743411,0.0784632324999114,-0.0342042715839575,0.0779527836755428,0.0713020731969595,0.0740134864749237,0.0513842791945077,0.0463628734348876,-0.159574526540272,-0.0315756197588521,0.0247573567278756,0.0900941940110163,0.154845072120978,-0.0234879539890198,0.15249143585792,0.0522766662310696,0.00484311852192651,-0.0546926179812188,0.0326090588488601,0.0271101785165849,-0.00473616774473229,-0.105000850261414,-0.0349931965850558,-0.114013341321252,0.131157749315708,0.349698883026415,-0.030716182354589,-0.0147540685863032,-0.0156201723327423,-0.0147174020894093,0.0109511496608461,-0.0809162891826831,0.0816201337743296,-0.0244822853845247,-0.124495808507219,-0.00273917084067279,0.0390225500844138,-0.0406913592913312,0.0949834404877023,-0.0451380819414939,0.07938210893588,0.0473468552863338,-0.0608271216278054,0.0322074472387712,0.00491391917205246,0.221520976233487,0.0159267916782513,0.0404190788666236,-0.14831042434155,-0.0285112337623752,0.0439370066352015,0.223762336464151,-0.0914363891845374,-0.139874682706395,0.132527739295592,0.0433243454939049,0.279384091742123,0.0487808277710264,0.0088192366948577,0.0439945733384248,0.11400575273272,0.0586431191833552,-0.0546473409203155,-0.0185870825154086,-0.00691064734112721,0.128708029205101,0.019442949794784,0.0279275165033094,0.00704614792942132,-0.0578806564195947,-0.0200582817384081,-0.0238654706519812,0.103066232900204
"2018-04-01",0.0136888874471178,-0.0881269203547806,0.00320314084421689,0.151500314796974,0.0314684828962907,-0.0548203657279339,0.149323857537041,0.0690670868172975,-0.0641251764749655,0.0642447305185948,-0.0430106880969485,0.0879707560066601,0.0796630709525827,0.172026061537061,-0.0639406095474757,0.0224131056488942,0.0590247132813247,0.163934653322943,0.0184251651303161,0.0822712220285666,0.138606427464315,0.0926964756268051,0.154595978999343,-0.185098040563626,-0.0461933243426981,0.0997862925681335,0.27406842017433,0.160100596982011,0.0174283323533147,0.151570891144434,0.0257136876399388,0.0293439247016395,0.133344774133017,0.0682001410954938,0.211021150577328,0.00246747816847894,-0.031432512708932,-0.0270369559572791,-0.035261363137079,0.0313294173316381,0.115166359441478,0.0818042753562616,-0.00020104572987109,-0.0547742852040197,0.149678000149645,-0.0370765293445863,0.108898982039319,0.0694757541006138,0.0634818703039144,0.192038101332023,0.179761802362739,0.105211739624965,0.0828067604609431,-0.0569523974240034,-0.0123539979566675,0.0290930514731607,0.0471772728564895,0.0116353261616497,0.0368981451962112,0.0103285121902398,0.129844457636755,-0.0540830420648376,-0.0476880167387407,-0.102998675202194,0.0607126175536428,0.0247171161394508,0.112456283277251,-0.0378824796818841,0.0770526222608341,0.00137882218405431,-0.0783558626763594,-0.0877809977537565,-0.0147315398924529,-0.0700464252580235
"2018-07-01",-0.00877594897190421,-0.0281058696473707,0.0255524442240749,-0.163324740694182,-0.212388330014086,-0.126389826412469,0.0331120105572937,-0.181891594999882,-0.0989775592534163,-0.181020918251505,-0.00649577973749786,0.0203088596048295,0.00332997612309756,-0.140484065461364,0.0775603932448358,0.038075158129728,-0.0606892826362697,-0.0552694338847816,-0.0475177536200979,-0.0193798438100344,-0.0381535469068743,-0.0553007385899801,-0.181743964256351,-0.176339004730609,-0.0227425828602251,-0.0303368611689858,0.164468149483945,-0.0970901751961468,-0.0967722658547225,-0.150140851367091,-0.121795880953048,-0.0732376255264613,-0.0831428144073641,-0.0879810037400946,-0.197622282178378,-0.130471770580467,-0.083638394236894,-0.0252413735706466,-0.0661954952437706,-0.0148386591271051,-0.0389608971661161,-0.112465342766055,0.0195501512771645,-0.0668308419225097,-0.123315216396674,-0.120413719044939,-0.0222558076971925,-0.0606394916815832,-0.0708869975225454,-0.0584825988190837,-0.1487184668405,-0.0644156797460523,-0.0483179315633713,-0.129096874150856,-0.124759089354706,-0.0678377703024902,-0.030208089952747,-0.173205271968441,-0.204573357279422,-0.113685213529889,-0.0982226985943741,-0.0282493693944353,-0.0867998531382852,-0.196002518817282,-0.145579937993345,-0.0369603593151905,-0.174182197600335,-0.0632824533318233,-0.0403063481486064,0.010289227553404,-0.205268961092351,-0.17791768031319,-0.239598459403307,0.123882409633166
"2018-10-01",0.159741933120121,0.0162201358210315,0.028812751863676,-0.000210698686186717,0.108307585814319,-0.0336055949212676,-0.0764607837129045,-0.0266259322039968,-0.0830145376764158,-0.192549405255355,0.0478598133262796,0.0454507977611021,-0.0694816081732431,0.00111223684036679,-0.0151878149552326,-0.0733696103187872,0.07551554863432,0.00020726269516872,-0.0656555630173555,0.0712569536290098,0.0669338323173417,-0.000116802894283323,-0.067708293295111,0.184303662919808,-0.0294808710752843,-0.00741637750989705,-0.153037112790132,-0.12580292726147,-0.00930363461065566,0.0923308766198571,0.0503866606283672,-0.0142022496692033,-0.023416341591404,-0.0521300172714784,0.0469284666207787,-0.125637990106885,0.0273258169686356,0.0314116631383801,0.0118840562102264,0.0611818986870182,-0.00200829153735753,-0.00271078589562259,0.0142896916378658,0.0190353936303809,-0.0579709249647753,-0.0541228925218767,0.00823500360430376,0.0880643832022931,0.100959652812864,-0.0742144555882124,0.0541118297795336,0.0657810774195885,-0.0744912190236911,-0.0257462978691262,0.149889779182756,0.0527173602385423,-0.0404285848844814,-0.141855008504274,-0.141766239855007,0.0336315377333619,0.00639459566201383,0.126815874622627,0.051421805040295,0.117197530368598,-0.0744943972200998,0.0936803432982868,0.0459448681793588,0.0226005071696233,-0.0311413065875718,0.164789137838522,-0.0328904816117821,-0.0510718750344189,-0.0211566828291199,0.118569841030546
"2019-01-01",0.0400036314758909,0.0716079202310289,0.0642200485613486,0.100337209259018,0.0757388642378317,0.0897901175577669,0.0598314620622234,-0.00919513416909653,0.0640655525307944,0.130785905341434,0.135381071228744,-0.0379166737509035,0.0900968003736253,0.119622659688343,-0.0144148027539041,-0.221041060199884,0.0689971741214196,0.0829089271405734,0.100080223622901,0.12441581336865,0.163702707704234,0.0490391521449735,0.05884869256685,-0.241831771235409,0.013870152050884,0.0847925526867458,0.10846820459982,0.390769048464475,0.0706411797463868,-0.160869444229904,0.160089387011886,0.260004639048423,-0.0113985618657623,0.173495580425543,0.0900569929593801,0.185900374531712,0.080242907828308,0.118127037454546,0.117516366909685,0.0949989386181658,-0.010041596271594,-0.0620318376096689,0.0132089621387148,0.0235725419934904,0.189601781943072,0.199203986733327,-0.0693843835384154,0.0429885808608113,0.111842317279789,0.0753294009186512,0.0421712963129803,0.16731828535091,-0.219845726260038,0.249324475850891,0.178292465798852,0.0692567137801586,0.0526700276097733,0.0523041157935123,0.0745114917061735,0.0639892704556881,0.087563359865545,0.043319529243113,-0.0217947428903199,0.168016420574977,0.229570576306651,0.0187640022394028,0.119677247732327,0.121172675213636,0.178198960954289,-0.00240741197231603,0.0246789499422693,0.121903918508315,0.0995631574329704,-0.0873746012895573
"2019-04-01",0.0290701420769647,-0.0498719622860532,-0.00916577067008024,0.0711592622904256,0.0343612584767521,-0.0544818453840616,0.233146815551025,0.110526067412641,-0.0620890945275544,0.00545643359722387,0.0721172309423728,-0.0533641379600228,-0.00894281560445209,0.140157152583879,-0.156603433270013,-0.221687903069951,0.203371741419261,-0.0951554888668361,0.0302963854368052,0.0649450989625097,0.135919246813471,0.0457234352604,0.00801476735299272,-0.197382474181511,-0.124527892280531,0.0990060754358435,0.0424807053858827,-0.0695614006277423,-0.00381980735538495,-0.153830447519172,0.151167577179905,0.0589537803389608,-0.126979657999831,0.121951307183014,0.0810942040588455,-0.127946779423587,-0.125195893050983,-0.0589503943649847,-0.147674593330687,0.332600491277132,-0.20986855145558,0.0731924619792347,0.0500431138557103,-0.0943237108217058,0.0732572474246802,-0.0213255309227198,0.049385658624381,0.129647773357337,0.0521835617031097,0.028239482148074,-0.0575116701826359,0.115384704232323,-0.0802448641744524,-0.0612566746034621,0.000355517260756364,0.126474083751999,0.0745461249641108,0.16169266368297,-0.000840396005414731,0.0784893225195135,0.0740612125689681,0.255656936565524,0.0213456402687411,-0.0331427631996684,-0.122603647558149,0.0171326061697469,-0.0907883831287715,-0.0478157611684175,0.0721945821408754,-0.0154618243315678,0.0910001981281861,-0.0979210455593383,0.0538893055506174,0.0292448579057721
"2019-07-01",0.000800064940433959,-0.0801652200500959,-0.0573741008718064,0.0499801145461895,-0.0672630348128422,0.0492760258178123,0.0731480794868374,0.0683924245466116,0.111648298417957,-0.0683678745363204,0.0068852419957573,-0.0660465161454181,-0.0883015681037567,-0.0951749305136294,0.12542574246753,-0.0247544601405706,-0.012962137453448,0.0359586415152378,0.0393564728315286,-0.0693247429496099,-0.0287999624471961,-0.0302591226522691,0.22858899308526,0.185110046729153,-0.0967238856957576,0.053748807663371,0.0995528418786835,-0.152682849935944,-0.0884650952357751,0.251649482276833,-0.180019195762596,0.0139326400091651,-0.179974832589476,-0.105187415755987,-0.0563948393417713,-0.0522389945310785,0.198542580523653,0.0293697216640859,0.0893515210363438,0.0525681784466915,-0.126984141273268,-0.10001766513375,0.0675117760662189,0.0432692778389736,0.0854220511429982,-0.0567446723625805,-0.211124459375507,-0.0422186631186984,-0.135324993338386,-0.0529238782770505,-0.172253808335805,0.0484018805912442,0.0348337169124347,0.0545710751406111,-0.000277871504277236,0.114030044054202,-0.12498116757306,-0.00197492132185074,0.0355503368315093,0.00242406245321031,-0.102131364813555,-0.105533084754431,0.166287997474086,0.0474505436927976,0.0793774019411784,0.119106621956385,0.0657160483054959,0.0487408492635716,-0.0528002165956343,0.103474668910975,0.0487738641817701,-0.0892568409436818,0.0160385491262487,-0.10214454849327
"2019-10-01",0.00201871326978331,0.196246095884141,0.117210907866242,0.0486537302929723,-0.0518912104946184,-0.0404620245646718,-0.0102652968483057,0.0957998840963727,0.00119193702549007,0.262102028201017,0.271863065189026,-0.01397726493839,-0.0521994222203138,-0.0395602319966489,-0.195477945087721,0.169239367174338,-0.0744334296854562,0.0348836707464679,-0.146065994054957,-0.0488227262187077,0.090824406544801,0.0552093491828482,0.0809248734813458,-0.067042247028985,-0.043627536490392,0.0225675456448613,-0.0885571921012495,-0.0265237237529103,-0.05351647041849,0.0994057212833396,0.00547214990319801,-0.00422935576655816,0.25467316874604,-0.000258039353874431,0.0762334029755103,-0.0154440501841654,0.010228582752905,0.15851337179225,-0.000176138120057332,0.126833449724119,-0.008858062280295,-0.0322377049361591,0.136354768644447,0.0263281975035831,0.0561270418945002,0.00259559595402273,-0.166813217306023,0.0834231035290789,0.0174390790314535,0.0531522039511222,-0.0550071736223461,0.0275027760431797,0.0107866833510759,0.0381258951705256,0.0258406170012478,0.0786541865524536,-0.0929784539162477,0.0225506799733822,-0.0472596003979515,0.0471027900189246,0.152443585605005,0.105295054524457,0.194589038930574,-0.0998573994797556,0.0989433912976428,0.163620836209553,0.0497450690804189,0.299697949878025,-0.0192538476914829,0.182306331042681,-0.0240889646503391,0.00111396031436647,-0.0188953408829635,0.109344974569537
"2020-01-01",-0.269121216117464,-0.279322237971906,0.0314296921095949,-0.1140528424162,-0.00207070824339458,-0.34845461066733,0.143552452669427,-0.172793092110679,-0.345995610414315,-0.0633880819379794,-0.338552726111208,-0.120865129318895,-0.302442377360071,-0.288274523843342,-0.278834199380663,-0.529702980476463,-0.288225866839566,-0.00921412994510911,-0.077299479830799,-0.0777616260977974,-0.0989759423354679,-0.123063842749096,0.173331252425343,0.0883104642336355,-0.287792954969686,-0.0528364028167809,0.31158771567827,-0.159341313210369,-0.227757013867669,-0.610154617574046,-0.208391528679717,-0.290176536615425,-0.0649525069463121,-0.433143936254909,-0.175347351235454,-0.228921414695746,-0.283462381963153,-0.285312225901435,-0.385837306508446,-0.0421937282147912,-0.476704554124312,-0.0481671829095836,-0.0715848828162818,-0.475789223782117,-0.314277519223909,-0.147467420234053,-0.168633643576993,-0.0913740952878712,-0.0551422439948656,0.0728108777411651,-0.472553236066004,0.0251215790632288,-0.0212450705284997,-0.14707119221424,-0.12070291104019,-0.0505544780421645,-0.323374315469581,-0.00931729365922775,-0.0672828356674315,-0.265759222953508,0.142857203567247,-0.135433507195108,-0.171362504415202,-0.330210074319137,-0.225172045255674,-0.0732843738823499,-0.0477925805452526,-0.291902901579509,-0.0883365238182336,-0.109817525635681,-0.248894880600875,-0.264114248506139,-0.342645526918764,-0.333333311316783
"2020-04-01",0.321509048075905,-0.0673711834962952,0.0536965391446263,0.119540073631661,0.26383755204362,0.0905706518805179,0.0249939186038881,-0.0357984633951588,-0.0504250010477823,-0.166101920227206,0.00351558645748059,0.298105163344779,-0.0971994613776018,-0.098920781731532,-0.150538558418504,0.342307694409723,-0.213697610792322,0.173699371632383,0.224746537961788,0.0185454172805692,0.137247064907124,0.0368292437647851,0.176410256410256,0.731526046794444,0.187219872246152,-0.0663541638417997,-0.0928269010532415,0.214161702049171,-0.165365824812182,-0.195126683957775,-0.0254988382956686,0.157915971981693,-0.229447207185173,-0.129461587885753,0.148868766231089,0.537825724811437,-0.129003113688531,0.0459432297371952,-0.184708566862751,0.137875462248441,0.031270411840688,-0.0333331499265496,-0.00359304590013973,-0.0411578917263226,0.153195134560234,-0.0203810917918872,0.154849844606904,-0.0936996675850273,0.252544330687714,0.162292572789814,-0.298182265766259,0.126291533238011,-0.0552750423713335,0.117181583441903,0.149731503273321,0.168273848877131,-0.144941331144651,0.0127589354254292,-0.162552147217058,0.0923015879230641,0.311981897629126,-0.025994926793932,0.0832973051043643,-0.0532515057103823,0.133811597921904,0.0500574604277721,-0.050225411889977,-0.13549247705572,0.124465731807442,0.0281298100173974,0.0656922368730935,0.253404475022338,-0.0322421492294153,-0.148499363496025
"2020-07-01",-0.0206061060498886,-0.0382437082995662,0.161516486680278,0.163851824135806,0.00632594596393953,-0.00383097455889404,-0.0822231914629737,-0.151090801369152,0.0596659257936578,-0.0115841223341424,-0.0550333944761397,0.107128582817171,-0.276077944665365,0.0826346935869883,0.028606189409833,-0.237646118054023,0.00428361439659502,0.060053825148419,-0.264636984257523,-0.0933620992452373,0.0522971740452249,0.0358164208522745,0.164777680906713,-0.0555569647531731,-0.0529998967395146,-0.143038809152146,0.173337926017892,-0.218278699836942,-0.0515780948347972,-0.414628209763847,0.113765658102988,0.0802608232982048,-0.0250923999259348,0.130035057712356,0.0417172743286219,0.186854115148413,-0.116718708109597,-0.118095801007507,0.0661975537622984,-0.0191181776281597,-0.0614866683604815,0.105800835927734,0.0206574565852132,0.171698225300578,0.0715596765841168,-0.144231258814735,-0.0303394329482537,-0.0541796335973578,-0.0325396480564332,-0.109053280362246,-0.102641365551404,-0.0153501674623206,0.0772107629442964,-0.108016089642293,-0.128598904351197,-0.0626776481267742,-0.130857524821041,0.180819569079315,0.0838439164370477,0.0070597739112516,0.144418919599715,-0.112798892737593,-0.0353573260534073,-0.0881285856520022,-0.0456379741844982,-0.0081631794015302,-0.0395563902237927,-0.106041266887597,-0.0211831199453546,-0.0406666246793479,-0.108688217188741,0.198077716818875,0.102336706191407,-0.0151376145187829
"2020-10-01",0.332817901773007,0.247128300685648,0.0480000462795622,0.321499654506858,0.389023599013022,0.329682481029926,-0.035410741723629,0.163979844018067,0.253190729347241,0.10591956747652,0.323937771451382,-0.0142533785318378,0.407383919211635,0.267330280580935,0.238658718393704,0.392684338356295,0.242180218863376,0.0417632239171943,0.108244067799516,0.180072087714584,-0.0892749482749818,0.113160711348349,0.0198353293413174,-0.150451637991754,0.580500332029398,0.0676731613155769,-0.0442230446496394,0.263216218795002,0.179325184790759,0.48278718768057,0.154494470622552,0.175228317076098,0.240929988391932,0.195215293496501,-0.00969116334893558,-0.0327411538036925,0.22819052419854,0.320346301299446,0.177520146234555,0.049287219540934,0.58795158201668,0.180792763475298,-0.057450354781743,0.188405872105265,0.323630103423872,0.243635924869948,0.593333360062008,0.186579526957493,0.282763216074789,-0.0885293507506043,0.285754309318891,-0.0539923540547265,0.256112476912757,0.307192111330391,-0.053106602737419,0.0578714263830269,0.400643197698251,0.210842664550002,0.285764617835961,0.0669425506687499,0.264761995334351,0.153385760132563,0.201059168254153,0.26208066090446,0.305049024257057,-0.0321193963947302,0.164963654511176,0.384215333714307,-0.0372386853071564,0.0845046290642665,0.255230028642809,0.321939386027503,0.241971934636405,0.298090366178544
"2021-01-01",0.294958359646535,0.0902220721355571,0.0857043310277589,0.259409777952674,0.329705645526574,0.235351627380113,0.0501684051648965,0.126023138915817,0.32224695513095,0.028673418988253,0.22022188673888,-0.00978716716653524,0.131214206256744,0.199301719069719,0.313296181949306,0.0942448476518672,0.199923735993829,0.0760420620213882,0.139231292903098,0.112974195525462,0.0923319343390303,0.12264895149837,0.0891743119266055,-0.150893997662019,0.215912000554751,0.00975530910226816,0.0285723192176217,0.0137720257764744,0.212347434911463,0.418181839522783,0.13957072096863,0.15339642219379,0.0593024342573433,0.125300369381158,0.112359408890458,0.286640101328212,0.183002838798595,0.167142195216062,0.394959287197856,-0.142183392861121,0.116213328107291,0.15891124959707,0.0712940161204252,0.352687843756575,0.00931430052829823,0.315472703478374,0.0392626046424721,0.0552509967558851,0.0984961726840035,0.0408196172073613,0.14089428820409,0.0165958003478129,-0.027414102790522,0.0799637869076081,0.0817225645090027,0.0716706805352873,0.0287318482846302,0.088888609691218,0.16704336703637,0.154407415954718,0.002388548127737,0.0312506750485246,-0.0107817295088255,0.191853167067652,0.204694561488344,0.0713666893487154,-0.124973698985498,0.255153718242775,0.00786648544043807,0.0498808346617045,0.095802719472622,0.0116094583537668,0.273961826154243,0.163975623112596
"2021-04-01",0.0440625128857721,-0.128107896980265,0.0944923158111894,0.15803047759973,-0.198874387363699,-0.0324758220990507,0.0716786244821054,0.137889995401654,-0.00569802748162274,0.0189020366877241,-0.088601033565663,0.165116550016874,-0.0342901991438991,0.0224893717917786,0.052440151951323,-0.197493715574441,-0.0327504034450823,0.254230384011076,-0.0240803900104713,0.0982774480913796,0.144285164096953,0.00225470085710743,-0.171159029649596,-0.00655646406800096,0.0960366386607317,0.0769527378301506,0.0844262637304625,-0.0505960783450869,-0.122239394536878,-0.171104518866235,-0.077833738231819,0.0149932108223892,0.0359179562112755,-0.119530475182694,-0.149205210687008,0.0556829087389794,-0.00275671688734683,-0.040381733323834,0.00440174636920814,0.0121621843024945,-0.142405063291139,0.0157762051892839,0.0499777414978609,0.0295018147640695,0.0102537772683485,-0.115998763630246,0.0474699278862863,0.1247673073911,0.00411439396782437,-0.130177640372593,-0.0469317867827117,0.132693964705144,0.226465913475407,0.0135809793013081,0.109655942495513,0.21084029679644,0.0665431791740652,0.087506777828867,0.00522810186771208,-0.043063684015971,0.0473855972945065,-0.0690861886224299,0.0224093087951693,-0.168591208534986,0.165626092017501,0.158349605351626,0.0820740841475801,-0.0835188813680085,-0.0104492978107998,0.14044494772612,-0.120438446938143,-0.0985914827970023,-0.0332667612462714,-0.0610357561537886
"2021-07-01",-0.111960399059524,-0.109118050295932,-0.138519749449885,0.144114330628496,-0.0346942883432049,0.0372194130950229,0.108686063865061,-0.0258322326260604,0.171589863640398,-0.0309027481537336,-0.0258718016902712,0.0135034940530347,0.226480617469966,-0.0654069157928361,-0.199884853075339,0.326588886550089,0.0190662455852265,0.128625008414147,0.0132758473899347,0.0302775789719221,0.0565026640956006,0.0590022820915382,0.121544715447154,0.0646068877637991,0.142763840657645,0.0807422840449816,-0.0857306938792981,-0.050584733818564,0.125039331547711,-0.0255800291233187,0.077246863663351,0.0660414894721135,0.0134317357922497,0.0492929062340478,-0.0445377900407263,-0.0798232090155757,-0.0223439948896995,0.126057196352602,0.116281689083281,-0.0491302958952513,0.354981594859897,-0.0779579456002637,0.0122281590662144,0.107486238398744,0.0245991625963579,0.138885236695232,-0.301604349688909,0.0780498704311982,-0.235807872862547,0.0867959229224581,0.322234455405002,0.0419277433889294,0.0568301743076848,-0.000159633105762054,0.0131130233092462,0.0679493294662804,0.178511897324352,-0.0436293343285689,-0.0744129259083972,-0.112687555354969,0.140524086305005,-0.134677481786964,0.136976724580933,0.153018311795403,0.00245456452990684,-0.0221428643247765,0.172296613134726,-0.034036314715389,-0.0490620229788367,-0.0321529672902689,-0.0700636355738906,0.0111872397920691,0.150139075772093,0.0735390799866499
"2021-10-01",0.160107783810904,0.0935509244692847,0.0954704267748461,-0.142005939563137,-0.0652401986051285,0.100075813932145,-0.0524522021732763,0.0460312649408196,-0.0248702824209412,0.266676913635303,-0.0775264463289371,0.0300434920706284,0.106143489744549,-0.0253332030561185,0.42722956995941,0.198938915201376,0.0856654546921125,-0.157115778127136,0.0259689132422756,0.0250550504710995,-0.0764510081390024,-0.0336641618164519,-0.189198985139543,-0.276181568247544,0.0485968576919797,0.105812140186118,-0.136684583747181,-0.127521164639117,0.195016836164856,-0.047619065362858,-0.0502150151321689,0.0180701581598859,0.170969952058755,0.0685406454573667,0.0917262896583365,-0.0116417031553702,0.163442949018956,-0.00519216267871002,0.0165272592742076,0.016901420389227,0.186274486989721,0.00767121811247365,0.174226594935303,0.0963368172093053,-0.0395454496610103,-0.173302204357252,0.0212484118595394,0.00265018115141167,0.136936749788113,0.0145147800812868,-0.131523034128813,-0.119306580587896,-0.0183589339736412,-0.0668507304732407,0.0286615216010492,0.00735005870261117,0.134495538705107,0.0132984665217363,-0.0193010509221798,0.143858352890148,-0.280659926493138,-0.00119523626683234,-0.0216198399459413,0.0846635792579799,-0.0389363660553162,0.0644499802664996,0.100407328787262,-0.0242639801029525,-0.0229126657546289,0.0414319931386698,0.251249339070943,-0.00345825547419407,0.0904355391978341,-0.0758410735732057
"2022-01-01",0.122474636628303,-0.172333852505769,-0.197201015794976,-0.203392955205896,0.235581472131394,0.0401480764170405,0.260673625018801,0.30805496490284,-0.231176263262949,0.0779800931428207,-0.174023517790198,0.121431200558612,0.0335053714676591,-0.148058891661177,-0.0930707110851862,0.0987279005867696,0.019772265218484,-0.0210736999006084,-0.0206251143952852,0.0880522436367918,-0.0938006757032056,-0.0257074418644649,-0.27313366115333,0.271763445028562,0.325120154573268,0.113942073316025,-0.082024722329999,-0.308074952190586,-0.0222168585476273,-0.0771794441418783,0.0778418919642486,-0.0328467065102581,-0.0225701083034959,0.0353153421908819,-0.0628742428712351,-0.234974339548053,-0.0365188636813603,-0.0788222883281674,-0.0740173379757174,0.106126091069593,-0.367539035491817,-0.157158995115203,0.105965307926065,-0.0691264772374343,-0.196318951871021,-0.175395190991575,0.301005225230856,0.069912477681755,0.109177112760031,0.05542005259042,-0.272576411218102,0.0699983746292298,-0.197454459965053,-0.136701131498984,0.0230300652823983,0.0445611516325149,0.162307482278454,-0.0938990560462294,-0.106092282082621,-0.0384264052078748,-0.152919471444432,0.0551657811423636,0.180726783774322,0.0442887926788448,-0.117818091976494,0.0950225876694075,-0.0841749909855027,-0.129848566410736,-0.0087977418519734,0.0782201133600896,-0.0652207065139939,-0.0914349849617568,-0.127225342147988,-0.0678357747129271
"2022-04-01",-0.1773563919648,0.0492494197720266,-0.21626548663554,0.0985881934305891,-0.253062549662772,-0.143206931466023,0.0145956827254719,0.0405405841560904,0.0605934985685626,-0.0239963587391808,0.0131446085505706,0.00371669904101576,0.0322887292291598,0.152928595894571,-0.0876798398590412,0.103699967433137,0.130804697702317,-0.0339875136861756,-0.10089191575256,-0.0339679863975382,0.0387617721034102,0.0505988660808292,0.0120541205412054,-0.0490069996456113,-0.0712848926375272,-0.0361832289510519,-0.081497287604547,-0.0752289287525929,0.0247356948171567,-0.175187605403659,-0.0628383819804924,-0.0181030814076558,0.092449984738763,0.0341106021165675,-0.112627971658626,0.0567749159839747,-0.0111708127667253,0.0353034055829294,-0.0138404864353547,0.0103587429218281,0.0268602319291614,0.0261589807098223,-0.0242131988420555,0.140366800764311,0.153301669248213,-0.00396044165733637,-0.0371596998842053,0.0137903350912427,-0.136961025892848,0.0650641780825941,0.0717972825285957,-0.0159998436913053,-0.00858977303214344,0.0457745859088413,-0.0356294112284709,-0.184357619829325,0.0112978182243778,-0.130383765114648,-0.119975777629925,0.0439932211959109,-0.0544661539037516,-0.196086028112786,-0.020655566634147,0.0224719525079233,-0.0543143710528065,-0.0421654345354565,-0.00578983277537012,0.00157609164977022,0.0872637518413,-0.0252007966221712,0.0293857886828475,0.0711994115974857,-0.102204397210346,-0.0654540674119501
"2022-07-01",-0.08237780000149,-0.192882737372259,0.0826360951959304,0.00333112736104559,0.0220518674367795,0.0800552302954892,-0.0476823459661993,0.0714257611495079,-0.0473040740188856,0.0835321270859146,-0.193165311715783,-0.0748941305465559,0.214399649873399,0.0105790603424925,-0.170076628192663,-0.113968525154119,-0.0407416762307809,-0.0901403436530808,-0.0953270371033605,-0.0618770134879734,-0.0310861945546526,0.025249375590348,0.407389402041808,-0.00761422391907809,0.103849752437895,-0.163351241728541,-0.270200474028707,-0.0716409073165472,-0.116482778860803,0.0237493662250136,-0.0232828233161841,-0.0858606393946112,0.193923980926291,-0.0602213010858068,-0.157725827190194,-0.139010061119605,-0.209707461733626,-0.0901294035798183,-0.0547789680893058,-0.0504444410052603,-0.254153395007824,-0.0441486316458681,-0.161820525589535,-0.0519068926768226,-0.275786054118149,-0.189786343624217,0.278844475861692,-0.028767162121588,-0.0359828613810329,-0.120877434813432,-0.124565873589637,0.0103603892612157,-0.120362010557746,-0.214482295191284,0.0318001166434953,-0.277646885541029,0.114337632094279,-0.0201478106165224,0.0375042624002436,0.0300060096793109,-0.154060398286588,-0.00416379337013784,-0.119909423170806,-0.0718315305582376,-0.12053767327289,-0.151525368203971,-0.164735990568611,-0.220472767397433,0.00182134444229698,-0.138165131877203,-0.158609283914711,-0.0800825113192439,-0.11530649324535,-0.0100077377627739
